Product Name,Brand,Category,Size,Packaging
Clinic Plus Anti Hair Fall Shampoo,Clinic Plus,Shampoo,1L,Bottle
Clinic Plus Anti Hair Fall Shampoo,Clinic Plus,Shampoo,5ml,Sachet
Sunsilk Smooth & Manageable Shampoo,Sunsilk,Shampoo,400ml,Bottle
Sunsilk Smooth & Manageable Shampoo,Sunsilk,Shampoo,100ml,Sachet
Dove Hair Fall Rescue Shampoo,Dove,Shampoo,650ml,Bottle
Dove Hair Fall Rescue Shampoo,Dove,Shampoo,100ml,Sachet
Pantene Pro-V Total Damage Shampoo,Pantene,Shampoo,750ml,Bottle
Pantene Pro-V Total Damage Shampoo,Pantene,Shampoo,100ml,Sachet
Dove Daily Shine Conditioner,Dove,Conditioner,175ml,Bottle
Dove Daily Shine Conditioner,Dove,Conditioner,50ml,Sachet
Tresemme Keratin Smooth Conditioner,Tresemme,Conditioner,350ml,Bottle
Tresemme Keratin Smooth Conditioner,Tresemme,Conditioner,50ml,Sachet
Biotique Bio Neem Purifying Shampoo,Biotique,Shampoo,200ml,Bottle
Biotique Anti Hair Fall Shampoo,Biotique,Shampoo,150ml,Tube
Mamaearth Onion Shampoo for Hair Fall,Mamaearth,Shampoo,250ml,Bottle
Mamaearth Onion Shampoo for Hair Fall,Mamaearth,Shampoo,15ml,Sachet
Himalaya Anti-Dandruff Shampoo,Himalaya,Shampoo,300ml,Bottle
Himalaya Anti-Dandruff Shampoo,Himalaya,Shampoo,10ml,Sachet
Liril Refreshing Soap,Liril,Soap,100g,Bar
Hamam Soft Soap,Hamam,Soap,125g,Bar
Lifebuoy Total 10 Soap,Lifebuoy,Soap,125g,Bar
Pears Transparent Soap,Pears,Soap,110g,Bar
Dove Deeply Nourishing Body Wash,Dove,Body Wash,400ml,Bottle
Dove Deeply Nourishing Body Wash,Dove,Body Wash,50ml,Sachet
Nivea Fresh Active Body Wash,Nivea,Body Wash,400ml,Bottle
Nivea Fresh Active Body Wash,Nivea,Body Wash,50ml,Sachet
Pantene Pro-V Smooth & Silky Conditioner,Pantene,Conditioner,350ml,Bottle
Pantene Pro-V Smooth & Silky Conditioner,Pantene,Conditioner,50ml,Sachet
Tresemme Moisture Rich Shampoo,Tresemme,Shampoo,400ml,Bottle
Tresemme Moisture Rich Shampoo,Tresemme,Shampoo,100ml,Sachet
